{
    "$schema": "https://schema.management.azure.com/schemas/2015-01-01/deploymentTemplate.json#",
    "contentVersion": "1.0.0.0",
    "parameters": {
        "storageAccounts_psrgpstorageaccount_name": {
            "defaultValue": "psrgpstorageaccount",
            "type": "String"
        },
        "serverfarms_EastUSPlan_name": {
            "defaultValue": "EastUSPlan",
            "type": "String"
        },
        "sites_psrfunapp_name": {
            "defaultValue": "psrfunapp",
            "type": "String"
        },
        "config_web_name": {
            "defaultValue": "psrfunapp/web",
            "type": "String"
        }
    },
    "variables": {},
    "resources": [
        {
            "comments": "Generalized from resource: '/subscriptions/e2186114-ebc1-4579-87b0-d455b33cd6cf/resourceGroups/sriniresourcegroup/providers/Microsoft.Storage/storageAccounts/psrgpstorageaccount'.",
            "type": "Microsoft.Storage/storageAccounts",
            "sku": {
                "name": "Standard_RAGRS",
                "tier": "Standard"
            },
            "kind": "Storage",
            "name": "[parameters('storageAccounts_psrgpstorageaccount_name')]",
			"apiVersion": "2016-01-01",
            "location": "eastus",
            "tags": {},
            "scale": null,
            "properties": {},
            "dependsOn": []
			
			},
        {
            "comments": "Generalized from resource: '/subscriptions/e2186114-ebc1-4579-87b0-d455b33cd6cf/resourceGroups/SriniResourceGroup/providers/Microsoft.Web/serverfarms/EastUSPlan'.",
            "type": "Microsoft.Web/serverfarms",
            "sku": {
                "name": "Y1",
                "tier": "Dynamic",
                "size": "Y1",
                "family": "Y",
                "capacity": 0
            },
            "kind": "functionapp",
            "name": "[parameters('serverfarms_EastUSPlan_name')]",
            "apiVersion": "2015-08-01",
            "location": "East US",
            "scale": null,
            "properties": {
                "name": "[parameters('serverfarms_EastUSPlan_name')]",
                "numberOfWorkers": 0
            },
            "dependsOn": []
        },
        {
            "comments": "Generalized from resource: '/subscriptions/e2186114-ebc1-4579-87b0-d455b33cd6cf/resourceGroups/SriniResourceGroup/providers/Microsoft.Web/sites/psrfunapp'.",
            "type": "Microsoft.Web/sites",
            "kind": "functionapp",
            "name": "[parameters('sites_psrfunapp_name')]",
            "apiVersion": "2015-08-01",
            "location": "East US",
            "scale": null,
            "properties": {
                "name": "[parameters('sites_psrfunapp_name')]",
                "hostNames": [
                    "psrfunapp.azurewebsites.net"
                ],
                "enabledHostNames": [
                    "psrfunapp.azurewebsites.net",
                    "psrfunapp.scm.azurewebsites.net"
                ],
                "hostNameSslStates": [
                    {
                        "name": "[concat(parameters('sites_psrfunapp_name'),'.azurewebsites.net')]",
                        "sslState": 0,
                        "thumbprint": null,
                        "ipBasedSslState": 0
                    },
                    {
                        "name": "[concat(parameters('sites_psrfunapp_name'),'.scm.azurewebsites.net')]",
                        "sslState": 0,
                        "thumbprint": null,
                        "ipBasedSslState": 0
                    }
                ],
                "serverFarmId": "[resourceId('Microsoft.Web/serverfarms', parameters('serverfarms_EastUSPlan_name'))]"
            },
            "dependsOn": [
                "[resourceId('Microsoft.Web/serverfarms', parameters('serverfarms_EastUSPlan_name'))]"
            ]
        },
        {
            "comments": "Generalized from resource: '/subscriptions/e2186114-ebc1-4579-87b0-d455b33cd6cf/resourceGroups/SriniResourceGroup/providers/Microsoft.Web/sites/psrfunapp/config/web'.",
            "type": "Microsoft.Web/sites/config",
            "name": "[parameters('config_web_name')]",
            "apiVersion": "2015-08-01",
            "location": "East US",
            "scale": null,
            "properties": {
                "numberOfWorkers": 1,
                "defaultDocuments": [
                    "Default.htm",
                    "Default.html",
                    "Default.asp",
                    "index.htm",
                    "index.html",
                    "iisstart.htm",
                    "default.aspx",
                    "index.php",
                    "hostingstart.html"
                ],
                "netFrameworkVersion": "v4.0",
                "phpVersion": "5.6",
                "pythonVersion": "",
                "nodeVersion": "",
                "linuxFxVersion": "",
                "requestTracingEnabled": false,
                "remoteDebuggingEnabled": false,
                "remoteDebuggingVersion": null,
                "httpLoggingEnabled": false,
                "logsDirectorySizeLimit": 35,
                "detailedErrorLoggingEnabled": false,
                "publishingUsername": "$psrfunapp",
                "publishingPassword": null,
                "appSettings": null,
                "metadata": null,
                "connectionStrings": null,              
			   "machineKey": null,
                "handlerMappings": null,
                "documentRoot": null,
                "scmType": "None",
                "use32BitWorkerProcess": true,
                "webSocketsEnabled": false,
                "alwaysOn": false,
                "javaVersion": null,
                "javaContainer": null,
                "javaContainerVersion": null,
                "appCommandLine": "",
                "managedPipelineMode": 0,
                "virtualApplications": [
                    {
                        "virtualPath": "/",
                        "physicalPath": "site\\wwwroot",
                        "preloadEnabled": false,
                        "virtualDirectories": null
                    }
                ],
                "winAuthAdminState": 0,
                "winAuthTenantState": 0,
                "customAppPoolIdentityAdminState": true,
                "customAppPoolIdentityTenantState": false,
                "runtimeADUser": null,
                "runtimeADUserPassword": null,
                "loadBalancing": 1,
                "routingRules": [],
                "experiments": {
                    "rampUpRules": []
                },
                "limits": null,
                "autoHealEnabled": false,
                "autoHealRules": {
                    "triggers": null,
                    "actions": null
                },
                "tracingOptions": null,
                "vnetName": "",
                "siteAuthEnabled": false,
                "siteAuthSettings": {
                    "enabled": null,
                    "unauthenticatedClientAction": null,
                    "tokenStoreEnabled": null,
                    "allowedExternalRedirectUrls": null,
                    "defaultProvider": null,
                    "clientId": null,
                    "clientSecret": null,
                    "issuer": null,
                    "allowedAudiences": null,
                    "additionalLoginParams": null,
                    "isAadAutoProvisioned": false,
                    "googleClientId": null,
                    "googleClientSecret": null,
                    "googleOAuthScopes": null,
                    "facebookAppId": null,
                    "facebookAppSecret": null,
                    "facebookOAuthScopes": null,
                    "twitterConsumerKey": null,
                    "twitterConsumerSecret": null,
                    "microsoftAccountClientId": null,
                    "microsoftAccountClientSecret": null,
                    "microsoftAccountOAuthScopes": null
                },
                "cors": {
                    "allowedOrigins": [
                        "https://functions.azure.com",
                        "https://functions-staging.azure.com",
                        "https://functions-next.azure.com"
                    ]
                },
                "push": null,
                "apiDefinition": null,
                "autoSwapSlotName": null,
                "localMySqlEnabled": false,
                "ipSecurityRestrictions": null
            },
            "dependsOn": [
                "[resourceId('Microsoft.Web/sites', parameters('sites_psrfunapp_name'))]"
            ]
        }
    ]
}